tool,status,returncode,server_returncode,throughput_mbps,lost_percent,lost_packets,packets,client_stderr,server_stderr,client_stdout_hint,server_stdout_hint
iperf3,ok,0,0,7086.404531365028,0.0,0.0,8650692.0,,warning: this system does not seem to support IPv6 - trying IPv4,"{
	""start"":	{
		""connected"":	[{
				""socket"":	5,
				""local_host"":	""192.168.1.100"",
				""local_port"":	58757,
				""remote_host"":	""192.168.1.110"",
				""remote_port"":	5201
			}, {
				""socket"":	7,
				""local_host"":	""192.168.1.100"",
				""local_port"":	39308,
				""remote_host"":	""192.168.1.110"",
				""remote_port"":	5201
			}, {
				""socket"":	9,
				""local_host"":	""192.168.1.100"",
				""local_port"":	46906,
				""remote_host"":	""192.168.1.110"",
				""remote_port"":	5201
			}, {
				""socket"":	11,
				""local_host"":	""192.168.1.100"",
				""local_port"":	45924,
				""remote_host"":	""192.168.1.110"",
				""remote_port"":	5201
			}],
		""version"":	""iperf 3.16"",
		""system_info"":	""Linux design-lab 6.14.0-37-generic #37~24.0 ...[truncated]","{
	""start"":	{
		""connected"":	[{
				""socket"":	5,
				""local_host"":	""192.168.1.110"",
				""local_port"":	5201,
				""remote_host"":	""192.168.1.100"",
				""remote_port"":	58757
			}, {
				""socket"":	6,
				""local_host"":	""192.168.1.110"",
				""local_port"":	5201,
				""remote_host"":	""192.168.1.100"",
				""remote_port"":	39308
			}, {
				""socket"":	9,
				""local_host"":	""192.168.1.110"",
				""local_port"":	5201,
				""remote_host"":	""192.168.1.100"",
				""remote_port"":	46906
			}, {
				""socket"":	11,
				""local_host"":	""192.168.1.110"",
				""local_port"":	5201,
				""remote_host"":	""192.168.1.100"",
				""remote_port"":	45924
			}],
		""version"":	""iperf 3.16"",
		""system_info"":	""Linux design-lab 6.14.0-37-generic #37~24.0 ...[truncated]"
