timestamp,payload,packets,expected_bytes,captured_bytes,returncode,output_file,command
1782433218,256,5376,1376256,1376256,0,payload_0256_packets_005376.bin,/home/luisfercrtez/Documents/etherbench/etherbench fpga-loopback-capture eth0 192.168.1.12 5376 256 /home/luisfercrtez/Documents/etherbench/results/fpga_loopback_capture_sweep_20260625_172017/payload_0256_packets_005376.bin 1234 9999 55555
1782433219,320,4301,1376320,1376320,0,payload_0320_packets_004301.bin,/home/luisfercrtez/Documents/etherbench/etherbench fpga-loopback-capture eth0 192.168.1.12 4301 320 /home/luisfercrtez/Documents/etherbench/results/fpga_loopback_capture_sweep_20260625_172017/payload_0320_packets_004301.bin 1234 9999 55555
1782433220,384,3584,1376256,1376256,0,payload_0384_packets_003584.bin,/home/luisfercrtez/Documents/etherbench/etherbench fpga-loopback-capture eth0 192.168.1.12 3584 384 /home/luisfercrtez/Documents/etherbench/results/fpga_loopback_capture_sweep_20260625_172017/payload_0384_packets_003584.bin 1234 9999 55555
1782433221,448,3072,1376256,1376256,0,payload_0448_packets_003072.bin,/home/luisfercrtez/Documents/etherbench/etherbench fpga-loopback-capture eth0 192.168.1.12 3072 448 /home/luisfercrtez/Documents/etherbench/results/fpga_loopback_capture_sweep_20260625_172017/payload_0448_packets_003072.bin 1234 9999 55555
1782433222,512,2688,1376256,1376256,0,payload_0512_packets_002688.bin,/home/luisfercrtez/Documents/etherbench/etherbench fpga-loopback-capture eth0 192.168.1.12 2688 512 /home/luisfercrtez/Documents/etherbench/results/fpga_loopback_capture_sweep_20260625_172017/payload_0512_packets_002688.bin 1234 9999 55555
1782433223,576,2390,1376640,1376640,0,payload_0576_packets_002390.bin,/home/luisfercrtez/Documents/etherbench/etherbench fpga-loopback-capture eth0 192.168.1.12 2390 576 /home/luisfercrtez/Documents/etherbench/results/fpga_loopback_capture_sweep_20260625_172017/payload_0576_packets_002390.bin 1234 9999 55555
1782433224,640,2151,1376640,1376640,0,payload_0640_packets_002151.bin,/home/luisfercrtez/Documents/etherbench/etherbench fpga-loopback-capture eth0 192.168.1.12 2151 640 /home/luisfercrtez/Documents/etherbench/results/fpga_loopback_capture_sweep_20260625_172017/payload_0640_packets_002151.bin 1234 9999 55555
1782433225,704,1955,1376320,1376320,0,payload_0704_packets_001955.bin,/home/luisfercrtez/Documents/etherbench/etherbench fpga-loopback-capture eth0 192.168.1.12 1955 704 /home/luisfercrtez/Documents/etherbench/results/fpga_loopback_capture_sweep_20260625_172017/payload_0704_packets_001955.bin 1234 9999 55555
1782433226,768,1792,1376256,1376256,0,payload_0768_packets_001792.bin,/home/luisfercrtez/Documents/etherbench/etherbench fpga-loopback-capture eth0 192.168.1.12 1792 768 /home/luisfercrtez/Documents/etherbench/results/fpga_loopback_capture_sweep_20260625_172017/payload_0768_packets_001792.bin 1234 9999 55555
1782433227,832,1655,1376960,1376960,0,payload_0832_packets_001655.bin,/home/luisfercrtez/Documents/etherbench/etherbench fpga-loopback-capture eth0 192.168.1.12 1655 832 /home/luisfercrtez/Documents/etherbench/results/fpga_loopback_capture_sweep_20260625_172017/payload_0832_packets_001655.bin 1234 9999 55555
1782433228,896,1536,1376256,1376256,0,payload_0896_packets_001536.bin,/home/luisfercrtez/Documents/etherbench/etherbench fpga-loopback-capture eth0 192.168.1.12 1536 896 /home/luisfercrtez/Documents/etherbench/results/fpga_loopback_capture_sweep_20260625_172017/payload_0896_packets_001536.bin 1234 9999 55555
1782433229,960,1434,1376640,1376640,0,payload_0960_packets_001434.bin,/home/luisfercrtez/Documents/etherbench/etherbench fpga-loopback-capture eth0 192.168.1.12 1434 960 /home/luisfercrtez/Documents/etherbench/results/fpga_loopback_capture_sweep_20260625_172017/payload_0960_packets_001434.bin 1234 9999 55555
1782433230,1024,1344,1376256,1376256,0,payload_1024_packets_001344.bin,/home/luisfercrtez/Documents/etherbench/etherbench fpga-loopback-capture eth0 192.168.1.12 1344 1024 /home/luisfercrtez/Documents/etherbench/results/fpga_loopback_capture_sweep_20260625_172017/payload_1024_packets_001344.bin 1234 9999 55555
1782433231,1088,1265,1376320,1376320,0,payload_1088_packets_001265.bin,/home/luisfercrtez/Documents/etherbench/etherbench fpga-loopback-capture eth0 192.168.1.12 1265 1088 /home/luisfercrtez/Documents/etherbench/results/fpga_loopback_capture_sweep_20260625_172017/payload_1088_packets_001265.bin 1234 9999 55555
1782433233,1152,1195,1376640,1376640,0,payload_1152_packets_001195.bin,/home/luisfercrtez/Documents/etherbench/etherbench fpga-loopback-capture eth0 192.168.1.12 1195 1152 /home/luisfercrtez/Documents/etherbench/results/fpga_loopback_capture_sweep_20260625_172017/payload_1152_packets_001195.bin 1234 9999 55555
1782433234,1216,1132,1376512,1376512,0,payload_1216_packets_001132.bin,/home/luisfercrtez/Documents/etherbench/etherbench fpga-loopback-capture eth0 192.168.1.12 1132 1216 /home/luisfercrtez/Documents/etherbench/results/fpga_loopback_capture_sweep_20260625_172017/payload_1216_packets_001132.bin 1234 9999 55555
1782433235,1280,1076,1377280,1377280,0,payload_1280_packets_001076.bin,/home/luisfercrtez/Documents/etherbench/etherbench fpga-loopback-capture eth0 192.168.1.12 1076 1280 /home/luisfercrtez/Documents/etherbench/results/fpga_loopback_capture_sweep_20260625_172017/payload_1280_packets_001076.bin 1234 9999 55555
1782433236,1344,1024,1376256,1376256,0,payload_1344_packets_001024.bin,/home/luisfercrtez/Documents/etherbench/etherbench fpga-loopback-capture eth0 192.168.1.12 1024 1344 /home/luisfercrtez/Documents/etherbench/results/fpga_loopback_capture_sweep_20260625_172017/payload_1344_packets_001024.bin 1234 9999 55555
1782433237,1408,978,1377024,1377024,0,payload_1408_packets_000978.bin,/home/luisfercrtez/Documents/etherbench/etherbench fpga-loopback-capture eth0 192.168.1.12 978 1408 /home/luisfercrtez/Documents/etherbench/results/fpga_loopback_capture_sweep_20260625_172017/payload_1408_packets_000978.bin 1234 9999 55555
1782433238,1472,935,1376320,1376320,0,payload_1472_packets_000935.bin,/home/luisfercrtez/Documents/etherbench/etherbench fpga-loopback-capture eth0 192.168.1.12 935 1472 /home/luisfercrtez/Documents/etherbench/results/fpga_loopback_capture_sweep_20260625_172017/payload_1472_packets_000935.bin 1234 9999 55555
